"year","state","dem_2p_vs","prv_2p_vs","dem_2p_ps","unemp_rate","deminc","incrunning","st_partisanship"
1976,"Alabama",0.56666723977855,0.260670397636421,NA,6.825,0,1,-0.0225649923627451
1976,"Alaska",0.381081712264192,0.373284569047511,NA,7.725,0,1,-0.00989288012080686
1976,"Arizona",0.413866969831038,0.330156048371004,NA,9.35,0,1,-0.0789704427233715
1976,"Arkansas",0.650488514781992,0.308537966338323,NA,6.7,0,1,-0.0375524278901441
1976,"California",0.490821726931818,0.430288626696177,0.481600306798276,9.15,0,1,0.0177856658496039
1976,"Colorado",0.440924561683854,0.355900596331413,0.491991504407157,6.025,0,1,-0.0359950979439311
1976,"Connecticut",0.473899832937865,0.406582636846108,0.491341293881312,9.075,0,1,0.0280089175279009
1976,"Delaware",0.527301380893124,0.3966772696011,0.519016077068598,9.475,0,1,-0.000813612729972324
1976,"Florida",0.526802018720792,0.278785547130374,NA,8.825,0,1,-0.0832249492526438
1976,"Georgia",0.669382948593174,0.247244081040114,0.662834912249999,8,0,1,-0.0813965936635993
1976,"Hawaii",0.512826312382994,0.375208122127915,NA,8.925,0,1,0.0521617798940854
1976,"Idaho",0.38267009374055,0.288447949751972,0.376594641838962,5.6,0,1,-0.119524550750826
1976,"Illinois",0.489971662563606,0.406978740021324,0.491707188038513,6.6,0,1,0.00644412378988662
1976,"Indiana",0.461512221923052,0.335222891184366,0.505222807004324,5.725,0,1,-0.0562668792429972
1976,"Iowa",0.494838341468476,0.412675178994239,0.491013104541535,3.85,0,1,-0.0151912582522191
1976,"Kansas",0.461244592374619,0.303659480574633,0.472527448514236,4.125,0,1,-0.0933967324665802
1976,"Kentucky",0.536540286466435,0.354292887109168,NA,5.3,0,1,-0.0307518859114196
1976,"Louisiana",0.529595751478807,0.302684077263415,NA,6.975,0,1,-0.0147407904094237
1976,"Maryland",0.530354199234364,0.378837767754287,0.558664130652803,6.725,0,1,0.00518719878881524
1976,"Massachusetts",0.581146221711059,0.545091298517805,0.583526463913317,9.15,0,1,0.16203394091006
1976,"Michigan",0.4725622595013,0.426591187306279,0.480646016611524,9.075,0,1,0.0430173447558497
1976,"Minnesota",0.566419819719711,0.471797555590184,0.581411835360359,5.725,0,1,0.0796830986470666
1976,"Mississippi",0.509678885287533,0.200633954047035,NA,6.425,0,1,-0.0237787711656904
1976,"Missouri",0.518419071257588,0.377056648830367,0.512468627245189,6.35,0,1,-0.00370590392244036
1976,"Montana",0.462156538540138,0.395159991189225,NA,6,0,1,-0.0158892591966932
1976,"Nevada",0.477306040711838,0.363192236171781,NA,8.65,0,1,-0.0309699786138272
1976,"New Hampshire",0.442607470471851,0.352663413688556,NA,6.325,0,1,-0.0339993265513616
1976,"New Jersey",0.488993315260493,0.373920731088814,0.453788633304243,10.5,0,1,-0.00799332381399598
1976,"New Mexico",0.487552324834512,0.374536090684648,NA,8.875,0,1,-0.0348058359268276
1976,"New York",0.534451946087019,0.413093645985883,0.526488800580615,10.2,0,1,0.0320120633704461
1976,"North Carolina",0.555532924984649,0.293724398999996,0.504150542637126,6.05,0,1,-0.0795362319866866
1976,"North Dakota",0.469619894948268,0.365706957918781,NA,3.9,0,1,-0.0532008646617304
1976,"Ohio",0.501163545966486,0.389652502202106,0.559696411935332,7.525,0,1,-0.000688149745963429
1976,"Oklahoma",0.493847794833743,0.245630965679824,NA,5.575,0,1,-0.115481577648866
1976,"Oregon",0.499128268230797,0.446599336400416,0.515959598068876,9.125,0,1,0.0181101173740747
1976,"Pennsylvania",0.513571390921736,0.398307027063451,NA,7.8,0,1,0.019850030996012
1976,"Rhode Island",0.55672377318806,0.468992453521208,NA,8.25,0,1,0.129603120564246
1976,"South Carolina",0.565661090449159,0.283466901903109,0.561540064592109,6.925,0,1,-0.0786296265582802
1976,"South Dakota",0.492569656331952,0.456708254329827,0.507432933457267,3.25,0,1,0.00961836863068449
1976,"Tennessee",0.565729445805317,0.305263832404908,NA,6.05,0,1,-0.0732357089625565
1976,"Texas",0.515985032283771,0.334268315037674,NA,5.7,0,1,-0.0180012027834396
1976,"Utah",0.350199416174056,0.280676643099881,0.383773962434397,5.45,0,1,-0.100588380533416
1976,"Vermont",0.43661363189943,0.367865834246154,NA,8.1,0,1,-0.0290567491834556
1976,"Virginia",0.493135811445363,0.307477336098306,NA,5.8,0,1,-0.0711127918962508
1976,"Washington",0.479797064322048,0.404373202112604,0.511819702658589,8.95,0,1,0.0188600259167799
1976,"West Virginia",0.580695186453323,0.363897381817132,NA,6.925,0,1,0.0173116679831717
1976,"Wisconsin",0.508616436674997,0.450195709722806,NA,5.4,0,1,0.0262440225687257
1976,"Wyoming",0.401655953948218,0.306293242739363,NA,3.85,0,1,-0.0913496003978087
1980,"Alabama",0.493236616929605,0.56666723977855,0.473310949391267,9.625,1,1,-0.0326620601888936
1980,"Alaska",0.327008143551589,0.381081712264192,NA,9.925,1,1,-0.0691477382405276
1980,"Arizona",0.317879131676649,0.413866969831038,0.325369536876524,6.975,1,1,-0.0743193697953579
1980,"Arkansas",0.496802940570765,0.650488514781992,0.521696151445984,8.15,1,1,0.0331823616637783
1980,"California",0.405333754407905,0.490821726931818,0.399657996800326,7.175,1,1,0.0142242979176187
1980,"Colorado",0.360696597871354,0.440924561683854,0.332761636855167,6.375,1,1,-0.0479182998887456
1980,"Connecticut",0.444428036772874,0.473899832937865,0.474450721547295,6.175,1,1,-0.00608964400439255
1980,"Delaware",0.487332147498226,0.527301380893124,0.45980752768036,7.95,1,1,0.0156584463507332
1980,"Florida",0.409492370528031,0.526802018720792,0.452780561191558,6.375,1,1,-0.0435370959707959
1980,"Georgia",0.576623996924517,0.669382948593174,0.572128998566144,6.725,1,1,0.0119826359202653
1980,"Hawaii",0.510840592350869,0.512826312382994,0.539076767359572,5.125,1,1,-0.00231366164092478
1980,"Idaho",0.274867732126688,0.38267009374055,0.319782316634904,7.925,1,1,-0.110771857150118
1980,"Illinois",0.45660337617889,0.489971662563606,0.479704946541443,8.85,1,1,0.00214432239608625
1980,"Indiana",0.402026713298502,0.461512221923052,NA,10.275,1,1,-0.0479633223426703
1980,"Iowa",0.429368497287916,0.494838341468476,0.429994387662434,6.725,1,1,0.00742588133497879
1980,"Kansas",0.365245105614797,0.461244592374619,0.35101050367761,4.775,1,1,-0.0638788424217533
1980,"Kentucky",0.492872543987304,0.536540286466435,NA,8.675,1,1,-0.00091429210857763
1980,"Louisiana",0.471891140114007,0.529595751478807,0.42930128836449,6.825,1,1,-0.0301909645252683
1980,"Maryland",0.516191380662185,0.530354199234364,0.57042168449667,6.85,1,1,0.00826510459794644
1980,"Massachusetts",0.499093269831437,0.581146221711059,0.504265934230893,5.775,1,1,0.116787881218053
1980,"Michigan",0.464535891032016,0.4725622595013,0.429477416832223,13.3,1,1,0.0032458445074105
1980,"Minnesota",0.522136145571868,0.566419819719711,0.499125727456015,6.025,1,1,0.0727778087585683
1980,"Mississippi",0.493216677964544,0.509678885287533,0.41237717782733,7.85,1,1,-0.0911744592290948
1980,"Missouri",0.464345856585566,0.518419071257588,0.48089763210524,7.8,1,1,0.00140698114759813
1980,"Montana",0.363347555457047,0.462156538540138,NA,6.375,1,1,-0.0176726140316978
1980,"Nevada",0.300726713369992,0.477306040711838,0.345462976062078,6.7,1,1,-0.0260817404545695
1980,"New Hampshire",0.32932307627152,0.442607470471851,0.399871546112618,4.975,1,1,-0.0486954368161755
1980,"New Jersey",0.425908554853687,0.488993315260493,0.465104652682284,7.6,1,1,-0.0148738557217257
1980,"New Mexico",0.40091733256889,0.487552324834512,NA,7.925,1,1,-0.0152866711367993
1980,"New York",0.50844863803542,0.534451946087019,0.530074917201631,7.6,1,1,0.0274419171400718
1980,"North Carolina",0.489003173702554,0.555532924984649,0.541106359155535,6.95,1,1,-0.0217022169040563
1980,"North Dakota",0.290192902478709,0.469619894948268,0.325914364703809,5.35,1,1,-0.0286674524628545
1980,"Ohio",0.442645149899254,0.501163545966486,0.451601689935824,9.375,1,1,-0.000922854812082985
1980,"Oklahoma",0.366278667196309,0.493847794833743,0.421446359623485,5.375,1,1,-0.0765914986395955
1980,"Oregon",0.444474061564264,0.499128268230797,0.457205872337924,9.175,1,1,0.0265329234192272
1980,"Pennsylvania",0.461383641328834,0.513571390921736,0.463230299007459,8.5,1,1,0.00960833009621431
1980,"Rhode Island",0.561660554745352,0.55672377318806,0.588229023183751,7.45,1,1,0.0665272344582551
1980,"South Carolina",0.493627067298215,0.565661090449159,0.518269524786886,7.425,1,1,-0.0217668827202451
1980,"South Dakota",0.343665411419003,0.492569656331952,0.332415393883061,5.2,1,1,0.0283080764345108
1980,"Tennessee",0.498500775395146,0.565729445805317,0.55017955762315,8.025,1,1,-0.0108342397912669
1980,"Texas",0.428326592061845,0.515985032283771,0.47635361069635,5.3,1,1,-0.0212042052356565
1980,"Utah",0.220348149579841,0.350199416174056,NA,6.7,1,1,-0.130892849259411
1980,"Vermont",0.464106920376034,0.43661363189943,NA,6.625,1,1,-0.0440911458235869
1980,"Virginia",0.431841394708755,0.493135811445363,0.41259544974106,5.475,1,1,-0.0460243051245444
1980,"Washington",0.429046539051112,0.479797064322048,0.443824794279038,8.475,1,1,-0.00424574567905267
1980,"West Virginia",0.523697817201297,0.580695186453323,0.581870945713779,10.125,1,1,0.0259654052388489
1980,"Wisconsin",0.474096914214397,0.508616436674997,0.477869502039277,8.225,1,1,0.0330751943025221
1980,"Wyoming",0.308673740218701,0.401655953948218,NA,4.125,1,1,-0.0923562805525888
1984,"Alabama",0.387366046486817,0.493236616929605,0.380425736138793,10.775,0,1,0.0512172072003483
1984,"Alaska",0.309440873522836,0.327008143551589,NA,9.65,0,1,-0.124689793245839
1984,"Arizona",0.32883272429994,0.317879131676649,NA,4.95,0,1,-0.112861670399885
1984,"Arkansas",0.387724118980559,0.496802940570765,NA,8.625,0,1,0.0949110065226493
1984,"California",0.417754651778023,0.405333754407905,0.413430129357394,7.6,0,1,-0.0306569804838675
1984,"Colorado",0.356342301643494,0.360696597871354,0.364705882352941,5.525,0,1,-0.0779241413761253
1984,"Connecticut",0.39000831236982,0.444428036772874,0.348878173336669,4.6,0,1,-0.0195707862983598
1984,"Delaware",0.400463273008044,0.487332147498226,NA,6.275,0,1,0.0285820430419457
1984,"Florida",0.346675867864545,0.409492370528031,0.339428954688056,6.275,0,1,-0.0105875265293177
1984,"Georgia",0.398021798518602,0.576623996924517,NA,6.05,0,1,0.144268751605116
1984,"Hawaii",0.442962757823506,0.510840592350869,NA,5.675,0,1,0.0330987312132023
1984,"Idaho",0.26724428802585,0.274867732126688,NA,7.35,0,1,-0.14996580822011
1984,"Illinois",0.435267466927793,0.45660337617889,0.431751074432909,8.75,0,1,-0.00544720178248087
1984,"Indiana",0.379265708783163,0.402026713298502,0.411204941651652,8.225,0,1,-0.0469652535429521
1984,"Iowa",0.462761746699799,0.429368497287916,0.432015127436302,6.975,0,1,-0.0166313017755327
1984,"Kansas",0.329705228884303,0.365245105614797,0.343420628793988,4.8,0,1,-0.0654898721590215
1984,"Kentucky",0.39635817610548,0.492872543987304,0.36165213344424,9.025,0,1,0.0359716940731403
1984,"Louisiana",0.385808388374578,0.471891140114007,NA,10.225,0,1,0.0220087246426779
1984,"Maryland",0.472424728078554,0.516191380662185,0.423529411764706,5.325,0,1,0.0445380687945453
1984,"Massachusetts",0.486016697627406,0.499093269831437,0.474415691263607,4.45,0,1,0.061385024617519
1984,"Michigan",0.404536750018314,0.464535891032016,NA,10.975,0,1,-0.0101856458870711
1984,"Minnesota",0.50090890768195,0.522136145571868,0.507696942047103,6,0,1,0.0655432614920604
1984,"Mississippi",0.376849649410584,0.493216677964544,NA,10.65,0,1,0.0227130604723093
1984,"Missouri",0.39975249332123,0.464345856585566,0.409143533747556,6.675,0,1,0.0126477427678476
1984,"Montana",0.38698601236313,0.363347555457047,NA,7.475,0,1,-0.0659826741551365
1984,"Nevada",0.326843184452171,0.300726713369992,NA,7.975,0,1,-0.089718344112814
1984,"New Hampshire",0.310655477455943,0.32932307627152,0.456867259508316,4.325,0,1,-0.0927694477820438
1984,"New Jersey",0.394786089185037,0.425908554853687,0.364994256365182,6.05,0,1,-0.021283786096639
1984,"New Mexico",0.396504018708118,0.40091733256889,0.384320963611593,7.825,0,1,-0.0344998924520285
1984,"New York",0.470582821297111,0.50844863803542,0.435733733569389,7.175,0,1,0.0427155709074902
1984,"North Carolina",0.379721370501131,0.489003173702554,0.351950387631504,6.85,0,1,0.0435333281898727
1984,"North Dakota",0.342654176168523,0.290192902478709,NA,5.375,0,1,-0.0988283224402407
1984,"Ohio",0.405293162809317,0.442645149899254,0.404452025361392,9.2,0,1,-0.00683037322085916
1984,"Oklahoma",0.30890174152301,0.366278667196309,NA,7.025,0,1,-0.0486714901387031
1984,"Oregon",0.438952886606626,0.444474061564264,0.438788695570854,9.3,0,1,-0.00693355625619885
1984,"Pennsylvania",0.462992685228784,0.461383641328834,0.422294719864037,8.925,0,1,0.00874279497155567
1984,"Rhode Island",0.481702697550747,0.561660554745352,0.443353488435095,5.075,0,1,0.0804574428129772
1984,"South Carolina",0.358812205858762,0.493627067298215,NA,6.8,0,1,0.0509093577199581
1984,"South Dakota",0.367004867564321,0.343665411419003,NA,4.425,0,1,-0.0606171872782512
1984,"Tennessee",0.41818151905547,0.498500775395146,NA,8.35,0,1,0.0533803894465022
1984,"Texas",0.362136948269866,0.428326592061845,0.358378774054324,5.875,0,1,-0.00657890898092084
1984,"Utah",0.248799789903183,0.220348149579841,0.250679820900401,6.3,0,1,-0.193460938276781
1984,"Vermont",0.413350892722209,0.464106920376034,NA,4.775,0,1,-0.0283744450159972
1984,"Virginia",0.373243120607802,0.431841394708755,0.344444444444444,5.1,0,1,-0.0162461180766698
1984,"Washington",0.431536489836337,0.429046539051112,0.414097500653114,9.025,0,1,-0.0243129194671489
1984,"West Virginia",0.447275656754016,0.523697817201297,0.448884786433872,14.425,0,1,0.0734617806735814
1984,"Wisconsin",0.453779842903783,0.474096914214397,0.404057724646445,7.15,0,1,0.0126219542909677
1984,"Wyoming",0.285996002379281,0.308673740218701,NA,6.225,0,1,-0.12356987407027
1988,"Alabama",0.402544316019111,0.387366046486817,0.399706169125084,7.25,0,0,0.0126761376336025
1988,"Alaska",0.378366825657466,0.309440873522836,0.443913549135233,8.65,0,0,-0.109400685537396
1988,"Arizona",0.392565084690075,0.32883272429994,0.382787155269486,6.375,0,0,-0.104269266086314
1988,"Arkansas",0.428083572868849,0.387724118980559,0.457014708627784,7.525,0,0,0.0146383357010534
1988,"California",0.481926894636241,0.417754651778023,0.457176426540238,5.3,0,0,-0.0160809909816444
1988,"Colorado",0.460461756185028,0.356342301643494,0.479998601854899,6.325,0,0,-0.0691057443171848
1988,"Connecticut",0.47418849543567,0.39000831236982,0.497452102610718,3.075,0,0,-0.0104070195032622
1988,"Delaware",0.437588104041307,0.400463273008044,0.415388035397409,3.225,0,0,0.0162725161785263
1988,"Florida",0.387479283541484,0.346675867864545,0.38355487793716,5.125,0,0,-0.0495410748783208
1988,"Georgia",0.397963836552396,0.398021798518602,0.433641277337091,5.6,0,0,0.0596977036469505
1988,"Hawaii",0.548062759801589,0.442962757823506,0.550539816667513,3.15,0,0,0.0492764810125787
1988,"Idaho",0.367121771493669,0.26724428802585,NA,5.8,0,0,-0.15656918399834
1988,"Illinois",0.489507230036411,0.435267466927793,0.493437925694221,6.525,0,0,0.0183102274787326
1988,"Indiana",0.39874008875068,0.379265708783163,0.422058173648468,5.325,0,0,-0.0369789830337762
1988,"Iowa",0.551484811400825,0.462761746699799,0.576187788417881,4.425,0,0,0.0184399279192487
1988,"Kansas",0.432724982978135,0.329705228884303,0.450149972524975,4.5,0,0,-0.0801500268250588
1988,"Kentucky",0.441462321882115,0.39635817610548,0.468993078033264,7.525,0,0,0.0169901659717834
1988,"Louisiana",0.448087076760503,0.385808388374578,0.450420078140739,10.625,0,0,0.00122457016968414
1988,"Maryland",0.48535569768883,0.472424728078554,0.496523528061267,4.225,0,0,0.0666828602957605
1988,"Massachusetts",0.53982588933187,0.486016697627406,0.537434119136876,3.3,0,0,0.0649297896548127
1988,"Michigan",0.460219500399449,0.404536750018314,0.487499137328999,7.25,0,0,0.00691112645055625
1988,"Minnesota",0.53550859925244,0.50090890768195,0.541470178348535,4.3,0,0,0.0838973325523
1988,"Mississippi",0.394789170448172,0.376849649410584,0.397800973562914,8.525,0,0,0.00740796961295503
1988,"Missouri",0.480030883190228,0.39975249332123,0.4690316609766,5.9,0,0,0.00442398087878892
1988,"Montana",0.470118102786157,0.38698601236313,0.445701834690738,6.425,0,0,-0.0524584101645201
1988,"Nevada",0.391814108354143,0.326843184452171,0.395386234431771,5.075,0,0,-0.113840245163527
1988,"New Hampshire",0.367663672728661,0.310655477455943,0.347196685115935,2.525,0,0,-0.107635917210877
1988,"New Jersey",0.430988423864648,0.394786089185037,0.443730181436001,3.825,0,0,-0.0172778720552469
1988,"New Mexico",0.474900842595146,0.396504018708118,0.446452002730661,7.225,0,0,-0.0289145184361051
1988,"New York",0.534220526391879,0.470582821297111,0.501083657839164,4.4,0,0,0.0618905355916565
1988,"North Carolina",0.4184246213145,0.379721370501131,0.455025713551334,3.55,0,0,0.00673707802723406
1988,"North Dakota",0.434046442721323,0.342654176168523,0.419763413265674,4.675,0,0,-0.111201654750993
1988,"Ohio",0.445259353497493,0.405293162809317,0.454964518193394,5.875,0,0,-0.00365603772032352
1988,"Oklahoma",0.416101877275583,0.30890174152301,0.410602580109234,6.4,0,0,-0.0900349897149491
1988,"Oregon",0.52383680797598,0.438952886606626,0.505600756384198,5.675,0,0,0.0140882800108363
1988,"Pennsylvania",0.488304530046623,0.462992685228784,0.480864653791001,4.975,0,0,0.0345629692041998
1988,"Rhode Island",0.558778705533106,0.481702697550747,0.55909001366717,3.1,0,0,0.0940564320734409
1988,"South Carolina",0.379278544355817,0.358812205858762,0.420080380487643,4.575,0,0,-0.00140555749611998
1988,"South Dakota",0.468076211914141,0.367004867564321,0.473818905262827,4,0,0,-0.0722900545829464
1988,"Tennessee",0.417813594980292,0.41818151905547,0.439264289500445,5.9,0,0,0.0307159531506992
1988,"Texas",0.436536670688627,0.362136948269866,0.449765886981325,7.2,0,0,-0.0323934239087532
1988,"Utah",0.326121251680993,0.248799789903183,0.325068871039599,4.825,0,0,-0.193051224333097
1988,"Vermont",0.482182869232756,0.413350892722209,0.497217307082077,3.05,0,0,0.0111037124745125
1988,"Virginia",0.396410539424176,0.373243120607802,0.430521835679944,4.05,0,0,-0.0250829364163304
1988,"Washington",0.508077117545858,0.431536489836337,0.476199982255837,6.225,0,0,0.00266632036911574
1988,"West Virginia",0.523768931976206,0.447275656754016,0.55486334485302,9.6,0,0,0.0578615429030478
1988,"Wisconsin",0.51823466294561,0.453779842903783,0.49047257766792,4.225,0,0,0.0363131844844811
1988,"Wyoming",0.385751235774227,0.285996002379281,0.330181673113046,6.4,0,0,-0.130290322775618
1992,"Alabama",0.46178873540097,0.402544316019111,0.491102987108072,7.525,0,1,-0.0396890027995002
1992,"Alaska",0.434257379613298,0.378366825657466,0.504057116897414,8.8,0,1,-0.0907403344623133
1992,"Arizona",0.486980960169881,0.392565084690075,0.498841054974985,7.45,0,1,-0.0739452795574569
1992,"Arkansas",0.599922670661225,0.428083572868849,0.603429434757715,6.975,0,1,-0.0267403381277603
1992,"California",0.585167287693791,0.481926894636241,0.606685820600417,9.625,0,1,0.0151965891546679
1992,"Colorado",0.52802065522825,0.460461756185028,0.553177571807521,6.1,0,1,-0.0262421551382031
1992,"Connecticut",0.541251167074267,0.47418849543567,0.566688455108563,7.575,0,1,-0.00254578014971946
1992,"Delaware",0.551979927047253,0.437588104041307,0.551066066315733,5.35,0,1,-0.0156184955277887
1992,"Florida",0.48803158910419,0.387479283541484,0.487803638585676,8.175,0,1,-0.0675666083494497
1992,"Georgia",0.503421284510966,0.397963836552396,0.51070350478538,7.05,0,1,-0.0366513665169652
1992,"Hawaii",0.567199777308213,0.548062759801589,0.623659858690354,4.65,0,1,0.0608685747600833
1992,"Idaho",0.403385169788434,0.367121771493669,0.436467876576576,6.475,0,1,-0.117461154292705
1992,"Illinois",0.585882182122468,0.489507230036411,0.588211431238258,7.55,0,1,0.0277431644296376
1992,"Indiana",0.461651054660612,0.39874008875068,0.469359803594462,6.725,0,1,-0.045641285285543
1992,"Iowa",0.537325291135621,0.551484811400825,0.530409567488009,4.375,0,1,0.0724790949978475
1992,"Kansas",0.464589444123824,0.432724982978135,0.497120500238719,4.6,0,1,-0.053429078121245
1992,"Kentucky",0.518687776947661,0.441462321882115,0.539766598767895,6.9,0,1,-0.015733935058667
1992,"Louisiana",0.526651378604156,0.448087076760503,0.511886549910909,8.225,0,1,-0.0176964514849238
1992,"Maryland",0.582999000392177,0.48535569768883,0.554553107756175,6.7,0,1,0.0442460288312275
1992,"Massachusetts",0.620922286712016,0.53982588933187,0.593755682330202,8.45,0,1,0.0782771094271735
1992,"Michigan",0.546151596469711,0.460219500399449,0.547857404019991,8.875,0,1,-0.00226605884358294
1992,"Minnesota",0.577213402244864,0.53550859925244,0.535423067233928,5.15,0,1,0.0835645694147306
1992,"Mississippi",0.450715105326158,0.394789170448172,0.471840342126983,8.075,0,1,-0.0488247741230863
1992,"Missouri",0.565069661003136,0.480030883190228,0.584252709454844,6.15,0,1,0.00524750420326436
1992,"Montana",0.517240571248753,0.470118102786157,0.512952555279202,6.725,0,1,-0.00609212647782076
1992,"Nevada",0.518247775196177,0.391814108354143,0.541877267386484,6.7,0,1,-0.0753155376493073
1992,"New Hampshire",0.507965513554495,0.367663672728661,0.526063570243838,7.275,0,1,-0.0954846089601622
1992,"New Jersey",0.514203183520935,0.430988423864648,0.553189305774752,8.725,0,1,-0.021756927527622
1992,"New Mexico",0.551421567697564,0.474900842595146,0.553780768584735,7.05,0,1,0.00105824659916781
1992,"New York",0.621108254042249,0.534220526391879,0.626788153728603,8.775,0,1,0.0677574897920308
1992,"North Carolina",0.495415357208133,0.4184246213145,0.518332135080629,6.05,0,1,-0.0355711881446487
1992,"North Dakota",0.421252952270912,0.434046442721323,0.445161576635116,4.775,0,1,-0.046293874607541
1992,"Ohio",0.511681633469545,0.445259353497493,0.51247501216739,7.5,0,1,-0.00936792589905971
1992,"Oklahoma",0.443778816973813,0.416101877275583,0.464646020894845,5.825,0,1,-0.0721423746531675
1992,"Oregon",0.566338915165928,0.52383680797598,0.573640413021157,7.3,0,1,0.0467506632388386
1992,"Pennsylvania",0.555485294610153,0.488304530046623,0.562232140196027,7.625,0,1,0.0410044235852387
1992,"Rhode Island",0.618437228182082,0.558778705533106,0.652071782224286,8.85,0,1,0.0855965174894623
1992,"South Carolina",0.476431545727597,0.379278544355817,0.442805528672308,6.7,0,1,-0.0655988089451748
1992,"South Dakota",0.477389662316614,0.468076211914141,0.510186773522241,3.3,0,1,-0.0171036443132331
1992,"Tennessee",0.52598036647076,0.417813594980292,0.549076108693687,6.4,0,1,-0.0166466270345831
1992,"Texas",0.477578368341145,0.436536670688627,0.498009674794516,7.65,0,1,-0.0353073745732178
1992,"Utah",0.362464208860197,0.326121251680993,0.386168993580781,4.775,0,1,-0.147183663260377
1992,"Vermont",0.602542013585069,0.482182869232756,0.581372274255378,5.95,0,1,0.0131226969250179
1992,"Virginia",0.474449870658566,0.396410539424176,0.452599214594096,6.15,0,1,-0.0498173540364756
1992,"Washington",0.575917010725112,0.508077117545858,0.601481222254068,7.475,0,1,0.0351626196386333
1992,"West Virginia",0.577688380819407,0.523768931976206,0.597354245169455,11.225,0,1,0.0508781103126464
1992,"Wisconsin",0.527945085021154,0.51823466294561,0.54359237751284,5.2,0,1,0.0513630688722321
1992,"Wyoming",0.462079765706034,0.385751235774227,0.469473289791468,5.525,0,1,-0.0987705649757104
1996,"Alabama",0.462661288463111,0.46178873540097,0.466191213176729,5.05,1,1,-0.0656003523683482
1996,"Alaska",0.395714974941662,0.434257379613298,0.439320737025025,7.5,1,1,-0.0914547754430066
1996,"Arizona",0.512237711518543,0.486980960169881,0.541414367073271,5.65,1,1,-0.057993855648411
1996,"Arkansas",0.593528248647555,0.599922670661225,0.602994586573954,5.3,1,1,0.0162362436866483
1996,"California",0.572162652309689,0.585167287693791,0.582609968279719,7.025,1,1,0.0357802130866272
1996,"Colorado",0.492407923697726,0.52802065522825,0.520464984256927,4.25,1,1,-0.00352567237174961
1996,"Connecticut",0.603635068823127,0.541251167074267,0.627598642438383,5.55,1,1,0.00995295317657968
1996,"Delaware",0.5862365663257,0.551979927047253,0.558399879495412,5.225,1,1,-0.00298286253410873
1996,"Florida",0.531549611951064,0.48803158910419,0.527741355073731,5.05,1,1,-0.0600114417555516
1996,"Georgia",0.493677308014458,0.503421284510966,0.516360910807049,4.675,1,1,-0.0470743175467074
1996,"Hawaii",0.642761518082488,0.567199777308213,0.632184981654381,6.225,1,1,0.0598643904765124
1996,"Idaho",0.392009724242841,0.403385169788434,0.388368023635404,5.2,1,1,-0.112513407437337
1996,"Illinois",0.596050921854578,0.585882182122468,0.595807440601867,5.225,1,1,0.0399278280010509
1996,"Indiana",0.468515936449544,0.461651054660612,0.487329874154655,3.85,1,1,-0.0675713063727427
1996,"Iowa",0.557333889237327,0.537325291135621,0.574940788461221,3.5,1,1,0.0466381731898345
1996,"Kansas",0.399276344520159,0.464589444123824,0.432799380495873,4.275,1,1,-0.0491096645274091
1996,"Kentucky",0.505290511843428,0.518687776947661,0.522444202695127,5.375,1,1,-0.0176918286635012
1996,"Louisiana",0.565608382715921,0.526651378604156,0.566633708507456,6.5,1,1,-0.0103976503960592
1996,"Maryland",0.586384234862724,0.582999000392177,0.581891011970496,4.925,1,1,0.0364104709621145
1996,"Massachusetts",0.686378254054151,0.620922286712016,0.678820800696308,4.25,1,1,0.0826072099435538
1996,"Michigan",0.573244133666968,0.546151596469711,0.577293255256958,4.85,1,1,0.0054186703561912
1996,"Minnesota",0.593806892713758,0.577213402244864,0.622500361954786,3.925,1,1,0.0585941226702633
1996,"Mississippi",0.472527762454129,0.450715105326158,0.455796748588154,5.825,1,1,-0.0750147401912237
1996,"Missouri",0.535470374764281,0.565069661003136,0.558320679052537,4.8,1,1,0.0247833940182929
1996,"Montana",0.483125895492758,0.517240571248753,0.501939277681244,5.175,1,1,-0.00408754106093367
1996,"Nevada",0.50586531355247,0.518247775196177,0.500888330560857,4.975,1,1,-0.0427359363032284
1996,"New Hampshire",0.556116317106892,0.507965513554495,0.58778742485598,3.825,1,1,-0.0599522849368107
1996,"New Jersey",0.599667932033127,0.514203183520935,0.606929012522949,6,1,1,-0.0251710743855973
1996,"New Mexico",0.540241305610316,0.551421567697564,0.585454691638378,7.225,1,1,0.0153943270679665
1996,"New York",0.677320293812358,0.621108254042249,0.654825216216374,6.125,1,1,0.0798975121386756
1996,"North Carolina",0.474700133302654,0.495415357208133,0.489388088396643,4.15,1,1,-0.0408468888170724
1996,"North Dakota",0.460886809941583,0.421252952270912,0.466711771840899,2.825,1,1,-0.070117180582271
1996,"Ohio",0.535969491817205,0.511681633469545,0.534352173727575,4.9,1,1,-0.0192963845948699
1996,"Oklahoma",0.455993908932942,0.443778816973813,0.459622872106321,3.925,1,1,-0.0678265309536905
1996,"Oregon",0.546931157196582,0.566338915165928,0.575736446450161,5.75,1,1,0.047320983492565
1996,"Pennsylvania",0.551612053608325,0.555485294610153,0.576596061127463,5.2,1,1,0.024128034249999
1996,"Rhode Island",0.690042133874984,0.618437228182082,0.688271758065861,5.3,1,1,0.0908410887792053
1996,"South Carolina",0.468880240780145,0.476431545727597,0.453769979868234,5.9,1,1,-0.0699118330366817
1996,"South Dakota",0.480664146048655,0.477389662316614,0.475847562507205,3.1,1,1,-0.0250339409630115
1996,"Tennessee",0.512866423418606,0.52598036647076,0.516992950005838,5.075,1,1,-0.0258698973528628
1996,"Texas",0.473393766178777,0.477578368341145,0.46856638181522,5.5,1,1,-0.0407093585635026
1996,"Utah",0.379805121807439,0.362464208860197,0.417300465886287,3.3,1,1,-0.153474147807794
1996,"Vermont",0.63182830384062,0.602542013585069,0.595845819424673,4.275,1,1,0.0445955633305236
1996,"Virginia",0.489394054929331,0.474449870658566,0.506341333855634,4.4,1,1,-0.062336673037018
1996,"Washington",0.571946528447813,0.575917010725112,0.575325593684655,5.875,1,1,0.0442301860570964
1996,"West Virginia",0.583546651761079,0.577688380819407,0.595719985900227,7.275,1,1,0.0529617783194179
1996,"Wisconsin",0.559191966614502,0.527945085021154,0.586389386442395,3.5,1,1,0.0253229959049937
1996,"Wyoming",0.42512082565104,0.462079765706034,0.456100160522895,5,1,1,-0.0738513773382581
2000,"Alabama",0.423930580786689,0.462661288463111,0.40016377267417,4.525,1,0,-0.0787327343870472
2000,"Alaska",0.320630514362708,0.395714974941662,0.354591600343659,6.4,1,0,-0.125971569041608
2000,"Arizona",0.467174008328601,0.512237711518543,0.430660922088596,3.925,1,0,-0.0413484104748759
2000,"Arkansas",0.471993104895792,0.593528248647555,0.487759857356674,4.225,1,0,0.0557677133353025
2000,"California",0.562029899990718,0.572162652309689,0.520526243148212,4.925,1,0,0.0377072236826526
2000,"Colorado",0.45514080056721,0.492407923697726,0.45080521609731,2.8,1,0,-0.0307434568560998
2000,"Connecticut",0.592556580488545,0.603635068823127,0.570069171385502,2.225,1,0,0.0314853716296095
2000,"Delaware",0.567400647852884,0.5862365663257,0.50560430342824,3.85,1,0,0.0281505003673886
2000,"Florida",0.499953905919664,0.531549611951064,0.507628205295132,3.725,1,0,-0.0311671457914604
2000,"Georgia",0.440162463770973,0.493677308014458,0.44446711132963,3.55,1,0,-0.0424084500563752
2000,"Hawaii",0.598272962804293,0.642761518082488,0.600535299974346,4.1,1,0,0.064022901376263
2000,"Idaho",0.29151509544256,0.392009724242841,0.306263792402735,4.775,1,0,-0.14326029930345
2000,"Illinois",0.561800103158396,0.596050921854578,0.526194534192482,4.325,1,0,0.0500088056694353
2000,"Indiana",0.419952174674181,0.468515936449544,0.388878471474274,2.975,1,0,-0.0758742507640097
2000,"Iowa",0.501627791875182,0.557333889237327,0.501952157373942,2.7,1,0,0.00637184386738676
2000,"Kansas",0.390830925364719,0.399276344520159,0.388777821806857,3.675,1,0,-0.109024851997096
2000,"Kentucky",0.422723847343234,0.505290511843428,0.430953740672354,4.15,1,0,-0.0289686019235431
2000,"Louisiana",0.460607540336528,0.565608382715921,0.456179850223386,5.375,1,0,0.00517213434095143
2000,"Maryland",0.584322989424543,0.586384234862724,0.568620868709481,3.675,1,0,0.0437338713083626
2000,"Massachusetts",0.647893437606338,0.686378254054151,0.644535116056716,2.6,1,0,0.112692524063996
2000,"Michigan",0.526346064817341,0.573244133666968,0.511950560999372,3.85,1,0,0.018740118749252
2000,"Minnesota",0.512864119758113,0.593806892713758,0.521682478603786,3.225,1,0,0.0445524011602231
2000,"Mississippi",0.413945151607537,0.472527762454129,0.425052749920029,5.275,1,0,-0.079336312428944
2000,"Missouri",0.482880513432493,0.535470374764281,0.484915854745952,3.725,1,0,0.009312271564621
2000,"Montana",0.363436380213303,0.483125895492758,0.379060691654367,4.95,1,0,-0.0407745129483319
2000,"Nevada",0.481431615003276,0.50586531355247,0.472266771915763,4.25,1,0,-0.0289012019447638
2000,"New Hampshire",0.493321998047812,0.556116317106892,0.474241228674081,2.65,1,0,-0.00891683098839402
2000,"New Jersey",0.582114094167209,0.599667932033127,0.553488868006982,3.75,1,0,0.0159778114579432
2000,"New Mexico",0.500319260293091,0.540241305610316,0.504591232419649,4.9,1,0,0.00487369033485252
2000,"New York",0.635759915830107,0.677320293812358,0.594623934015842,4.5,1,0,0.108256527608216
2000,"North Carolina",0.435360030184969,0.474700133302654,0.447582633089902,3.85,1,0,-0.0559000010636943
2000,"North Dakota",0.352726034293837,0.460886809941583,0.409437747011141,2.975,1,0,-0.0998878652128397
2000,"Ohio",0.481612777793339,0.535969491817205,0.459241964788643,4,1,0,-0.0171321836757122
2000,"Oklahoma",0.389193287778811,0.455993908932942,0.398828683992204,3,1,0,-0.0910713833657099
2000,"Oregon",0.502358919855306,0.546931157196582,0.500228335618563,5.175,1,0,0.0156772898621677
2000,"Pennsylvania",0.521484787168031,0.551612053608325,0.509340436959574,4.175,1,0,0.0125909277901517
2000,"Rhode Island",0.656491160675993,0.690042133874984,0.632679256914691,4.125,1,0,0.113281934709445
2000,"South Carolina",0.418378939323497,0.468880240780145,0.422349663468174,3.7,1,0,-0.0683018530652162
2000,"South Dakota",0.383852874276261,0.480664146048655,0.381988927400949,2.475,1,0,-0.0619308421364532
2000,"Tennessee",0.48037133214821,0.512866423418606,0.489544720768461,3.95,1,0,-0.021534351374405
2000,"Texas",0.390437298514371,0.473393766178777,0.351004219785683,4.15,1,0,-0.0654716790591264
2000,"Utah",0.282744945686759,0.379805121807439,0.28282413520331,3.45,1,0,-0.16982308098527
2000,"Vermont",0.554403508967734,0.63182830384062,0.557869711097655,2.9,1,0,0.0762274123937571
2000,"Virginia",0.458527636941667,0.489394054929331,0.455085812739569,2.2,1,0,-0.0590357835251392
2000,"Washington",0.529447710094054,0.571946528447813,0.500922249845218,5.275,1,0,0.032974023267375
2000,"West Virginia",0.467579259840626,0.583546651761079,0.473544532423521,5.475,1,0,0.0396597699711554
2000,"Wisconsin",0.501150683031578,0.559191966614502,0.487310964986325,3.7,1,0,0.00261077949874067
2000,"Wyoming",0.29017694359683,0.42512082565104,0.335880569256747,3.9,1,0,-0.0973574506405503
2004,"Alabama",0.371022286477177,0.423930580786689,0.382382711739277,5.6,0,1,-0.0817274415608166
2004,"Alaska",0.367737170187537,0.320630514362708,0.351898274941526,7.35,0,1,-0.166850631533531
2004,"Arizona",0.447249949695117,0.467174008328601,0.450564700780574,4.875,0,1,-0.0353175162621444
2004,"Arkansas",0.450642517483322,0.471993104895792,0.48008734120267,5.625,0,1,0.00773730058595701
2004,"California",0.550413204528225,0.562029899990718,0.557074209288887,6.05,0,1,0.0420728999644873
2004,"Colorado",0.476337704417574,0.45514080056721,0.477455992441352,5.35,0,1,-0.0512490140532487
2004,"Connecticut",0.552749475605841,0.592556580488545,0.562837661928648,4.825,0,1,0.07307244847012
2004,"Delaware",0.538315062450916,0.567400647852884,0.541243799580035,4.075,0,1,0.0517952309035756
2004,"Florida",0.474763204243312,0.499953905919664,0.496972325604823,4.55,0,1,-0.00927161725035208
2004,"Georgia",0.416457673035904,0.440162463770973,0.433945774392156,4.9,0,1,-0.0581034902930005
2004,"Hawaii",0.544044480029303,0.598272962804293,0.513773348189079,3.225,0,1,0.0954938642576744
2004,"Idaho",0.306772618166357,0.29151509544256,0.325855952033552,4.875,0,1,-0.183260966343016
2004,"Illinois",0.552086340495535,0.561800103158396,0.546726644992526,6.1,0,1,0.0539021363207705
2004,"Indiana",0.395765237503415,0.419952174674181,0.392227494334815,5.375,0,1,-0.0807893206238542
2004,"Iowa",0.496633207372871,0.501627791875182,0.493847646837944,4.575,0,1,0.00445746437053818
2004,"Kansas",0.371329012189178,0.390830925364719,0.37063073289957,5.375,0,1,-0.129969741243278
2004,"Kentucky",0.399923800845261,0.422723847343234,0.400712100400537,5.225,0,1,-0.061016196592385
2004,"Louisiana",0.426690587307565,0.460607540336528,0.408449595145881,5.9,0,1,-0.0119154146594919
2004,"Maryland",0.565657130819179,0.584322989424543,0.56618365213317,4.2,0,1,0.060330235957917
2004,"Massachusetts",0.627428555129919,0.647893437606338,0.646753925562316,5,0,1,0.142112469644528
2004,"Michigan",0.517258444679652,0.526346064817341,0.519532464543765,7.1,0,1,0.0247717230564379
2004,"Minnesota",0.51760910610669,0.512864119758113,0.516519904350428,4.625,0,1,0.028312130050219
2004,"Mississippi",0.404949992303786,0.413945151607537,0.410796350622188,6.45,0,1,-0.0817869191548833
2004,"Missouri",0.463802873345601,0.482880513432493,0.469461638975652,6.025,0,1,-0.0158479320873289
2004,"Montana",0.394999238243366,0.363436380213303,0.37266498500061,4.725,0,1,-0.101742238332686
2004,"Nevada",0.486824042751385,0.481431615003276,0.473107982216891,4.175,0,1,-0.0313749119078434
2004,"New Hampshire",0.506902886201373,0.493321998047812,0.511427153297256,3.625,0,1,-0.000304218608364382
2004,"New Jersey",0.533705363188422,0.582114094167209,0.539604620873359,4.65,0,1,0.0658676369144517
2004,"New Mexico",0.495996641136451,0.500319260293091,0.481152580729593,5.4,0,1,-0.00474309323401267
2004,"New York",0.598297906564461,0.635759915830107,0.587498902913125,5.55,0,1,0.131516728635516
2004,"North Carolina",0.437580279981589,0.435360030184969,0.456556709211159,5.225,0,1,-0.0699932944419048
2004,"North Dakota",0.360906458500567,0.352726034293837,0.365841033496688,3.4,0,1,-0.118216954068006
2004,"Ohio",0.489412559952108,0.481612777793339,0.500198785678135,6.325,0,1,-0.0162322413804441
2004,"Oklahoma",0.344295983352439,0.389193287778811,0.344573893120949,4.725,0,1,-0.10242977782984
2004,"Oregon",0.521086257744501,0.502358919855306,0.527392647683049,7.15,0,1,-0.000378337659772354
2004,"Pennsylvania",0.512582820970624,0.521484787168031,0.507093947372934,5.375,0,1,0.0115250442024621
2004,"Rhode Island",0.605775105758781,0.656491160675993,0.601370486064941,5.05,0,1,0.148243271089772
2004,"South Carolina",0.413635417402508,0.418378939323497,0.416303557441217,6.8,0,1,-0.0813937861338949
2004,"South Dakota",0.390867091989063,0.383852874276261,0.408917743000345,3.775,0,1,-0.0927648660232581
2004,"Tennessee",0.428145545452593,0.48037133214821,0.437711633257587,5.45,0,1,-0.0284044984023086
2004,"Texas",0.384898081028901,0.390437298514371,0.378697123895265,5.8,0,1,-0.0931078438391424
2004,"Utah",0.26653560839878,0.282744945686759,0.26089685874753,4.85,0,1,-0.193748342438618
2004,"Vermont",0.603010021392512,0.554403508967734,0.551438914749052,3.55,0,1,0.0680925302184607
2004,"Virginia",0.458663032864699,0.458527636941667,0.468775826221329,3.725,0,1,-0.0510625302502171
2004,"Washington",0.53646537683453,0.529447710094054,0.532590068930821,6,0,1,0.0256737430852171
2004,"West Virginia",0.435202893702545,0.467579259840626,0.46682789667969,5.125,0,1,0.000539579615135843
2004,"Wisconsin",0.501918032742692,0.501150683031578,0.490914020954409,4.925,0,1,0.0051479486373236
2004,"Wyoming",0.296872968268283,0.29017694359683,NA,3.8,0,1,-0.167374491561781
2008,"Alabama",0.391090972464273,0.371022286477177,0.380901728974366,6.1,0,0,-0.097643857752302
2008,"Alaska",0.389352150834029,0.367737170187537,0.426902639565909,6.75,0,0,-0.150936449109113
2008,"Arizona",0.456860992803837,0.447249949695117,0.47812172884941,6.775,0,0,-0.0379083123723759
2008,"Arkansas",0.398282793892827,0.450642517483322,0.451969105588553,5.675,0,0,-0.0338024801946782
2008,"California",0.622784495915854,0.550413204528225,0.620356791740883,7.775,0,0,0.0611012608752358
2008,"Colorado",0.545506346931734,0.476337704417574,0.535748773468022,5.125,0,0,-0.0293810388918436
2008,"Connecticut",0.613183382497542,0.552749475605841,0.608956581563902,6,0,0,0.0775327366629579
2008,"Delaware",0.626381386498886,0.538315062450916,0.627681016734438,5.425,0,0,0.057737563767665
2008,"Florida",0.514196600308993,0.474763204243312,0.507851774910413,6.85,0,0,-0.00776173630274701
2008,"Georgia",0.473716644891882,0.416457673035904,0.477759007284988,6.625,0,0,-0.0668102229807964
2008,"Hawaii",0.729937258784554,0.544044480029303,0.643831573152909,4.75,0,0,0.0760384300325628
2008,"Idaho",0.369754101949795,0.306772618166357,0.347549618316396,5.95,0,0,-0.195976434579777
2008,"Illinois",0.627342640445594,0.552086340495535,0.617330219239613,6.6,0,0,0.0618229304427299
2008,"Indiana",0.505219534453781,0.395765237503415,0.494728970846786,6.325,0,0,-0.0872615852954373
2008,"Iowa",0.548487777894674,0.496633207372871,0.569082598877852,4.4,0,0,0.00401020823979098
2008,"Kansas",0.423877241810906,0.371329012189178,0.410788961575631,4.775,0,0,-0.114040322607287
2008,"Kentucky",0.417665724122954,0.399923800845261,0.434226536906148,6.825,0,0,-0.0837964672899878
2008,"Louisiana",0.405428258384146,0.426690587307565,0.443359362448203,5.275,0,0,-0.0514712275621889
2008,"Maryland",0.629300872928855,0.565657130819179,0.607707117633744,4.6,0,0,0.0798697687376259
2008,"Massachusetts",0.63197078213353,0.627428555129919,0.597218602435715,5.9,0,0,0.142540704983893
2008,"Michigan",0.583713015761545,0.517258444679652,0.570234145868977,8.35,0,0,0.0266819633642612
2008,"Minnesota",0.552293749953927,0.51760910610669,0.556332793999157,5.7,0,0,0.020116321548166
2008,"Mississippi",0.433580690071362,0.404949992303786,0.440392791238403,6.95,0,0,-0.0856727194285736
2008,"Missouri",0.499324208503234,0.463802873345601,0.494741091719674,6.5,0,0,-0.0217785979951879
2008,"Montana",0.488305967160593,0.394999238243366,0.473160618657901,5.4,0,0,-0.115902482155901
2008,"Nevada",0.563867381251961,0.486824042751385,0.528584513933063,7.225,0,0,-0.0109924625069049
2008,"New Hampshire",0.548685411201095,0.506902886201373,0.557571569557146,3.9,0,0,0.0049921507403573
2008,"New Jersey",0.578646298714239,0.533705363188422,0.590385695518814,5.575,0,0,0.0627894372935803
2008,"New Mexico",0.576649000187976,0.495996641136451,0.550423734209152,4.625,0,0,0.00303765933053596
2008,"New York",0.657638573797843,0.598297906564461,0.64931411951146,5.65,0,0,0.121908619813049
2008,"North Carolina",0.501659633000673,0.437580279981589,0.504277754032436,6.2,0,0,-0.0586501363009562
2008,"North Dakota",0.455913437180319,0.360906458500567,0.493097825857998,3.275,0,0,-0.138304044987033
2008,"Ohio",0.523338407622541,0.489412559952108,0.524052851027925,6.825,0,0,-0.0096076225115117
2008,"Oklahoma",0.343549188773065,0.344295983352439,0.370665957499508,3.875,0,0,-0.12837565581861
2008,"Oregon",0.584137211772272,0.521086257744501,0.581071193792798,7.05,0,0,0.016602297415668
2008,"Pennsylvania",0.552297038154845,0.512582820970624,0.541644530544986,5.525,0,0,0.0219135126850923
2008,"Rhode Island",0.641981375091458,0.605775105758781,0.606091536997523,8.375,0,0,0.136012841833152
2008,"South Carolina",0.454555708107909,0.413635417402508,0.451164045312696,7.325,0,0,-0.0791131130212326
2008,"South Dakota",0.457042927658846,0.390867091989063,0.452871733676045,3.3,0,0,-0.107760308251573
2008,"Tennessee",0.423685281976455,0.428145545452593,0.436395224713745,7.075,0,0,-0.040861852583834
2008,"Texas",0.440640632490593,0.384898081028901,0.437190514376194,5.025,0,0,-0.1074526016126
2008,"Utah",0.354736386272599,0.26653560839878,0.355840264771223,3.65,0,0,-0.220480014341466
2008,"Vermont",0.688991817393381,0.603010021392512,0.645314270921319,4.8,0,0,0.0835864737958875
2008,"Virginia",0.531825844061276,0.458663032864699,0.527304268265758,4.125,0,0,-0.0365249564810519
2008,"Washington",0.587520268021089,0.53646537683453,0.571977196460005,5.65,0,0,0.0378362520800565
2008,"West Virginia",0.433262562328627,0.435202893702545,0.431376488884638,4.175,0,0,-0.0437292146126498
2008,"Wisconsin",0.570556782478184,0.501918032742692,0.564148337178276,5.075,0,0,0.00641406650289988
2008,"Wyoming",0.334379766449041,0.296872968268283,0.355871089365112,3.125,0,0,-0.201595335451679
2012,"Alabama",0.387837714665623,0.391090972464273,0.398857872636717,8,1,1,-0.131167674299149
2012,"Alaska",0.426847095184396,0.389352150834029,NA,7.025,1,1,-0.133679643259092
2012,"Arizona",0.453866197762968,0.456860992803837,0.455856537224242,8.15,1,1,-0.0601688325203977
2012,"Arkansas",0.378455946487704,0.398282793892827,0.363187328758575,7.55,1,1,-0.0877616480818
2012,"California",0.618728111632966,0.622784495915854,0.582746586699507,10.125,1,1,0.0743745464521645
2012,"Colorado",0.527479883142025,0.545506346931734,0.503035999445826,7.775,1,1,-0.00130227809522088
2012,"Connecticut",0.587725774769071,0.613183382497542,0.565335692403239,8.45,1,1,0.0707421252818167
2012,"Delaware",0.594469549192782,0.626381386498886,NA,7.275,1,1,0.0701239207050259
2012,"Florida",0.504422521393662,0.514196600308993,0.492014288463101,8.325,1,1,-0.0177444014937223
2012,"Georgia",0.460433509019433,0.473716644891882,0.449811827019977,8.95,1,1,-0.0671371448059815
2012,"Hawaii",0.717038485010744,0.729937258784554,0.649169380314664,5.7,1,1,0.124766565637054
2012,"Idaho",0.335786131564247,0.369754101949795,0.301373568317106,7.025,1,1,-0.173960943711799
2012,"Illinois",0.585775233921169,0.627342640445594,0.588944282011111,8.975,1,1,0.0774901867006892
2012,"Indiana",0.447996254026727,0.505219534453781,0.442437108525195,8.3,1,1,-0.0617319177912767
2012,"Iowa",0.529593519281002,0.548487777894674,0.507884913284553,5,1,1,0.0103361888638973
2012,"Kansas",0.388866732547469,0.423877241810906,0.379533727676121,5.625,1,1,-0.114621176769833
2012,"Kentucky",0.384572276061951,0.417665724122954,0.415864661468405,8.175,1,1,-0.103429541285768
2012,"Louisiana",0.41253174385886,0.405428258384146,0.40262824670125,6.8,1,1,-0.0961648809240191
2012,"Maryland",0.63321725786906,0.629300872928855,0.605468327225919,6.95,1,1,0.0852546981041424
2012,"Massachusetts",0.6178568074906,0.63197078213353,0.591302083906456,6.65,1,1,0.117475364861849
2012,"Michigan",0.548005320711779,0.583713015761545,0.52225932013263,9.1,1,1,0.0382614264507238
2012,"Minnesota",0.539412264616982,0.552293749953927,0.532170304019983,5.575,1,1,0.0227271242604337
2012,"Mississippi",0.441981008012122,0.433580690071362,NA,9,1,1,-0.0929589625823009
2012,"Missouri",0.4522133324662,0.499324208503234,0.438867074563192,6.825,1,1,-0.0306607628454573
2012,"Montana",0.429657681361185,0.488305967160593,0.453775190002404,5.9,1,1,-0.0705717010678952
2012,"Nevada",0.534075421633465,0.563867381251961,0.516420814024794,10.9,1,1,0.0131214082317982
2012,"New Hampshire",0.528337519782581,0.548685411201095,0.504852188179393,5.55,1,1,0.0155698449313593
2012,"New Jersey",0.589519655505858,0.578646298714239,0.557378556692824,9.35,1,1,0.0439515271814559
2012,"New Mexico",0.552952046469087,0.576649000187976,0.534540239915324,7.025,1,1,0.0240985168923387
2012,"New York",0.660426948702774,0.657638573797843,0.623381070234719,8.45,1,1,0.115743936411277
2012,"North Carolina",0.48965965096995,0.501659633000673,0.483990183568019,9.2,1,1,-0.0426043472787438
2012,"North Dakota",0.398887917110883,0.455913437180319,0.415301268810252,3.075,1,1,-0.103814355929432
2012,"Ohio",0.515140567692495,0.523338407622541,0.510450672699042,7.25,1,1,-0.00584881998255027
2012,"Oklahoma",0.332276802569834,0.343549188773065,0.334751413504597,5.2,1,1,-0.168301717707123
2012,"Oregon",0.562711671787474,0.584137211772272,0.529617320407125,8.725,1,1,0.0403874309885115
2012,"Pennsylvania",0.527319340018918,0.552297038154845,0.520531880679908,7.9,1,1,0.0202156257928594
2012,"Rhode Island",0.640167459788821,0.641981375091458,0.621341020061483,10.125,1,1,0.111653936655245
2012,"South Carolina",0.446917452954346,0.454555708107909,0.480627635426971,8.95,1,1,-0.0781287410146665
2012,"South Dakota",0.407815008618048,0.457042927658846,0.435108639151024,4.3,1,1,-0.0882692939459201
2012,"Tennessee",0.39648928473706,0.423685281976455,0.419550911027855,7.775,1,1,-0.0863088900553508
2012,"Texas",0.419921027848936,0.440640632490593,0.402676054513778,6.575,1,1,-0.099454947010128
2012,"Utah",0.253738111048525,0.354736386272599,0.257481563238804,5.2,1,1,-0.201588306434185
2012,"Vermont",0.682472588263906,0.688991817393381,0.673974300949479,4.925,1,1,0.133776615623072
2012,"Virginia",0.519673766887645,0.531825844061276,0.505122443354325,5.975,1,1,-0.0169798653068873
2012,"Washington",0.576282982706218,0.587520268021089,0.55846535966096,7.925,1,1,0.0497685186579346
2012,"West Virginia",0.363257023679573,0.433262562328627,0.408513410534082,7.625,1,1,-0.0779915757542885
2012,"Wisconsin",0.534634299828724,0.570556782478184,0.519537544173949,6.975,1,1,0.0240131038405634
2012,"Wyoming",0.288393659884786,0.334379766449041,NA,5.325,1,1,-0.196597936411213
2016,"Alabama",0.356258564060393,0.387837714665623,0.384198617716532,5.85,1,0,-0.13879921534226
2016,"Alaska",0.416143452889319,0.426847095184396,0.463930322875816,6.9,1,0,-0.120163935897995
2016,"Arizona",0.481108795538633,0.453866197762968,0.48475622700894,5.3,1,0,-0.0728999636238052
2016,"Arkansas",0.357148623102295,0.378455946487704,0.387371432692001,3.9,1,0,-0.139894188716942
2016,"California",0.661282205427299,0.618728111632966,0.625829948395485,5.45,1,0,0.0924927448672025
2016,"Colorado",0.526833333726824,0.527479883142025,0.517059571170779,3.225,1,0,0.00822955612967202
2016,"Connecticut",0.571415475172636,0.587725774769071,0.582806208955878,5.05,1,0,0.0721910197260988
2016,"Delaware",0.559986214436812,0.594469549192782,0.580957275795038,4.5,1,0,0.082161908938626
2016,"Florida",0.493811645272245,0.504422521393662,0.505003195566956,4.8,1,0,-0.0189539980558801
2016,"Georgia",0.473388274006968,0.460433509019433,0.478810186523086,5.375,1,0,-0.0611884819515502
2016,"Hawaii",0.674413374505355,0.717038485010744,0.649962139266122,2.925,1,0,0.195224312990442
2016,"Idaho",0.316898233191944,0.335786131564247,0.392128738909117,3.75,1,0,-0.175493442150187
2016,"Illinois",0.590200513907115,0.585775233921169,0.582154089531737,5.7,1,0,0.0782953782761736
2016,"Indiana",0.398826904754919,0.447996254026727,0.426180723341357,4.3,1,0,-0.0516556646669537
2016,"Iowa",0.449364521548797,0.529593519281002,0.475279342746751,3.65,1,0,0.01077708968063
2016,"Kansas",0.388885296573933,0.388866732547469,0.421853339681918,4.1,1,0,-0.12189157172802
2016,"Kentucky",0.343293709824901,0.384572276061951,0.379379535292824,5.075,1,0,-0.127144558814755
2016,"Louisiana",0.398283227621922,0.41253174385886,0.425008192216565,6.075,1,0,-0.119283557785704
2016,"Maryland",0.640109955085652,0.63321725786906,0.68651185201911,4.4,1,0,0.10299550649175
2016,"Massachusetts",0.646512786896295,0.6178568074906,0.665205838521285,3.7,1,0,0.0966502359048572
2016,"Michigan",0.498823317830385,0.548005320711779,0.517940085619192,5.05,1,0,0.0375956093294544
2016,"Minnesota",0.508316937071805,0.539412264616982,0.552413260850083,3.975,1,0,0.0175894483782469
2016,"Mississippi",0.409101526759399,0.441981008012122,0.456952379692088,5.725,1,0,-0.0904827098654657
2016,"Missouri",0.401814390044339,0.4522133324662,0.431622259641621,4.775,1,0,-0.0524947884224908
2016,"Montana",0.388903356829756,0.429657681361185,0.391845024402324,4.075,1,0,-0.0692817346463186
2016,"Nevada",0.512937094199852,0.534075421633465,0.503815836935371,5.525,1,0,0.0207078425355055
2016,"New Hampshire",0.501970284423807,0.528337519782581,0.513029276587985,2.85,1,0,0.0102479065846304
2016,"New Jersey",0.572841901429013,0.589519655505858,0.578180342450921,4.975,1,0,0.055819418202841
2016,"New Mexico",0.546507949343241,0.552952046469087,0.529884695426374,6.65,1,0,0.0365369644213237
2016,"New York",0.634115064997754,0.660426948702774,0.608895072236461,4.925,1,0,0.130769202343101
2016,"North Carolina",0.480962541962813,0.48965965096995,0.505993174284539,5.05,1,0,-0.0326039169218961
2016,"North Dakota",0.301907571034803,0.398887917110883,0.345124609842689,3,1,0,-0.100862881761607
2016,"Ohio",0.457323154228641,0.515140567692495,0.483159517973324,5.075,1,0,-0.00902407124968951
2016,"Oklahoma",0.306952627616719,0.332276802569834,0.349784793008516,4.875,1,0,-0.190350563235758
2016,"Oregon",0.561558389450544,0.562711671787474,0.550510246065346,4.75,1,0,0.0451608828726652
2016,"Pennsylvania",0.496244641925098,0.527319340018918,0.516952873619182,5.45,1,0,0.0115446301796737
2016,"Rhode Island",0.583107040926598,0.640167459788821,0.567706938904612,5.125,1,0,0.112810858532932
2016,"South Carolina",0.42539743639476,0.446917452954346,0.466811798052225,4.85,1,0,-0.0775269783760802
2016,"South Dakota",0.340281419205687,0.407815008618048,0.387110132573556,3.05,1,0,-0.0958345907687608
2016,"Tennessee",0.36375656954738,0.39648928473706,0.447350847378307,4.8,1,0,-0.11817627555045
2016,"Texas",0.45286774422028,0.419921027848936,0.44421098029068,4.75,1,0,-0.0979827287374432
2016,"Utah",0.376171016545887,0.253738111048525,0.418337860405786,3.35,1,0,-0.224026310246645
2016,"Vermont",0.651864263238204,0.682472588263906,0.681562489193635,3.175,1,0,0.157468643921436
2016,"Virginia",0.528263762771547,0.519673766887645,0.530363934095867,4.175,1,0,-0.00251375343274751
2016,"Washington",0.587869312000648,0.576282982706218,0.588922243901353,5.175,1,0,0.0536380664564463
2016,"West Virginia",0.278389477487042,0.363257023679573,0.338793387369175,5.95,1,0,-0.130003765903108
2016,"Wisconsin",0.495920109619703,0.534634299828724,0.527864182796947,3.925,1,0,0.0243319822462464
2016,"Wyoming",0.242946803708462,0.288393659884786,0.269143050366812,5.25,1,0,-0.216876845740294
